,title,score,id,url,author,author's karma
0,ALL VARIATIONS OF THE QUESTION “What non-manly/masculine things have you done recently” ARE NO LONGER ALLOWED,10490,d3rpke,https://www.reddit.com/r/AskMen/comments/d3rpke/all_variations_of_the_question_what/,mashonem,22919.0
1,"MOD POST: There will be no more ""How many of you like x?"" Style posts",1321,d4ni0x,https://www.reddit.com/r/AskMen/comments/d4ni0x/mod_post_there_will_be_no_more_how_many_of_you/,nickachu_,27644.0
2,What’s the best way to ask a friend to introduce you to an attractive girl they know?,6315,de6ezn,https://www.reddit.com/r/AskMen/comments/de6ezn/whats_the_best_way_to_ask_a_friend_to_introduce/,petedinkler,3770.0
3,When did you start becoming hairier than your father?,49,dehzsg,https://www.reddit.com/r/AskMen/comments/dehzsg/when_did_you_start_becoming_hairier_than_your/,chazzahancock,28767.0
4,"If your wife/girlfriend started and lost a fight with a smaller woman, how would it affect your opinion of her?",17,deis7n,https://www.reddit.com/r/AskMen/comments/deis7n/if_your_wifegirlfriend_started_and_lost_a_fight/,missyblue423,32.0
5,"Be honest, how important is it in your life that you're considered ""masculine"" by others?",50,deelkz,https://www.reddit.com/r/AskMen/comments/deelkz/be_honest_how_important_is_it_in_your_life_that/,Nivonivonivonivoniv,1168.0
6,What are some masturbation life hacks you gathered over the years?,24,degc1x,https://www.reddit.com/r/AskMen/comments/degc1x/what_are_some_masturbation_life_hacks_you/,iamlambo1,2550.0
7,Men who have had suicidal wives. What gave you the the strength to stay or leave?,10,deivj3,https://www.reddit.com/r/AskMen/comments/deivj3/men_who_have_had_suicidal_wives_what_gave_you_the/,newit_guy,7.0
8,What do you do when you're feeling lonely and crave affection?,8,dei4pu,https://www.reddit.com/r/AskMen/comments/dei4pu/what_do_you_do_when_youre_feeling_lonely_and/,Anon773,165.0
9,How do I provide emotional first aid to a man?,33,dee48i,https://www.reddit.com/r/AskMen/comments/dee48i/how_do_i_provide_emotional_first_aid_to_a_man/,look_out_love,82.0
10,How do I get over being rejected by someone I felt very strongly about?,21,defgu2,https://www.reddit.com/r/AskMen/comments/defgu2/how_do_i_get_over_being_rejected_by_someone_i/,SkybornPaladin,31.0
11,At what point do I pause searching for a full-time job in my field of study and just get a full-time job anywhere I can?,22,deesrw,https://www.reddit.com/r/AskMen/comments/deesrw/at_what_point_do_i_pause_searching_for_a_fulltime/,Throwaway130798,114.0
12,What’s something good to talk about on a First date?,6,deideg,https://www.reddit.com/r/AskMen/comments/deideg/whats_something_good_to_talk_about_on_a_first_date/,bobsyauncle1993,34367.0
13,What are the best ways to overcome alcoholism?,4,dejt5m,https://www.reddit.com/r/AskMen/comments/dejt5m/what_are_the_best_ways_to_overcome_alcoholism/,slashfuryy,112.0
14,How often do you have sex with your partner and how long have you two been together?,184,de5tyj,https://www.reddit.com/r/AskMen/comments/de5tyj/how_often_do_you_have_sex_with_your_partner_and/,[deleted],
15,"What to do on a Saturday night with no friends, that doesn't involve drinking?",6300,ddv1s1,https://www.reddit.com/r/AskMen/comments/ddv1s1/what_to_do_on_a_saturday_night_with_no_friends/,wishihadaps4,16763.0
16,What is the worse case scenario that could happen at your work place?,5,dei5kq,https://www.reddit.com/r/AskMen/comments/dei5kq/what_is_the_worse_case_scenario_that_could_happen/,Stuf404,95968.0
17,Guys with long hair... how did you do it?,3,dejhzg,https://www.reddit.com/r/AskMen/comments/dejhzg/guys_with_long_hair_how_did_you_do_it/,najeanke,12.0
18,"Men of Reddit, what are you passionate about?",84,de77ym,https://www.reddit.com/r/AskMen/comments/de77ym/men_of_reddit_what_are_you_passionate_about/,Articunozard,1999.0
19,How can I be there for my SO after his vasectomy?,21,decz4p,https://www.reddit.com/r/AskMen/comments/decz4p/how_can_i_be_there_for_my_so_after_his_vasectomy/,slothrocket13,1547.0
