,name,title,description,subscribed,age
0,news,"r/news: All news, US and international.","/r/news is: real news articles, primarily but not exclusively, news relating to the United States and the rest of the World. /r/news isn't: editorials, commercials, political minutiae, shouting, justin bieber updates, kitty pictures. For a subreddit for all news-related content (editorials, satire, etc.) visit /r/inthenews.",19079970,11 years
1,AskReddit,r/AskReddit: Ask Reddit...,r/AskReddit is the place to ask and answer thought-provoking questions.,24688784,11 years
2,worldnews,r/worldnews: World News,"A place for major news from around the world, excluding US-internal news.",22245291,11 years
3,funny,r/funny: funny,Welcome to r/Funny: reddit's largest humour depository,26624993,11 years
4,relationship_advice,r/relationship_advice: Relationship Advice,"Need help with your relationship? Whether it's romance, friendship, family, co-workers, or basic human interaction: we're here to help!",2091849,10 years
5,politics,r/politics: Politics,/r/Politics is for news and discussion about U.S. politics.,5457405,12 years
6,pics,r/pics: Reddit Pics,A place for pictures and photographs.,22922895,11 years
7,aww,r/aww: A subreddit for cute and cuddly pictures,"Things that make you go AWW! Like puppies, bunnies, babies, and so on...",22092891,11 years
8,AmItheAsshole,r/AmItheAsshole: Am I the Asshole?,"A catharsis for the frustrated moral philosopher in all of us, and a place to finally find out if you were wrong in an argument that's been bothering you. Tell us about any non-violent conflict you have experienced; give us both sides of the story, and find out if you're right, or you're the asshole.",1372756,6 years
9,gaming,r/gaming: r/gaming,"A subreddit for (almost) anything related to games - video games, board games, card games, etc. (but not sports).",23778367,12 years
10,tifu,r/tifu: Today I Fucked Up,WELCOME TO /r/TIFU! ,14847117,7 years
11,nottheonion,"r/nottheonion: Sadly, this is not the Onion.",For true stories that are so mind-blowingly ridiculous that you could have sworn they were from The Onion.,15826765,10 years
12,memes,r/memes: /r/Memes the original since 2008,Memes!,6485672,11 years
13,PublicFreakout,r/PublicFreakout: /r/PublicFreakout,"A subreddit dedicated to people freaking out, melting down, losing their cool, or being weird in public.",1372279,5 years
14,mildlyinteresting,"r/mildlyinteresting: For photos that are, you know, mildly interesting","Aww, cripes. I didn't know I'd have to write a description. How many words is that so far, like a hundred? Soooo, yeah. Mildly interesting stuff. Stuff that interests you. Mildly. It's in the name, ffs.",16556558,7 years
15,interestingasfuck,r/interestingasfuck: Interesting As Fuck,For almost anything you find interestingasfuck,4327988,11 years
16,gifs,"r/gifs: .gifs - funny, animated gifs for your viewing pleasure","Funny, animated GIFs: Your favorite computer file type!",19084365,10 years
17,videos,r/videos: /r/videos,The best place for video content of all kinds. ,21356206,11 years
18,unpopularopinion,r/unpopularopinion: For Your Opinions That Are Unpopular,Got a burning unpopular opinion you want to share? Spark some discussions!,770803,7 years
19,oddlysatisfying,r/oddlysatisfying: Oddly Satisfying,For those little things that are inexplicably satisfying.,3498532,6 years
20,todayilearned,r/todayilearned: Today I Learned (TIL),"You learn something new every day; what did you learn today?
Submit interesting and specific facts about something that you just found out here.",21591765,10 years
21,insanepeoplefacebook,r/insanepeoplefacebook: Insane People on Facebook,Do you have any insane people on your social media feeds? Post screenshots here!,1368924,3 years
22,whatisthisthing,r/whatisthisthing: For the identification of mysterious... things,"If you have something and you don't know what it is, this is the place for you to search for an answer.",1244466,9 years
23,explainlikeimfive,r/explainlikeimfive: Explain Like I'm Five | Don't Panic!,Explain Like I'm Five is the best forum and archive on the internet for layperson-friendly explanations.,17184808,8 years
24,movies,r/movies: Movie News and Discussion,News & Discussion about Major Motion Pictures,21568377,11 years
25,dankmemes,r/dankmemes: Dankmemes,THE place to post dank memes,2876505,5 years
26,Jokes,r/Jokes: Jokes: Get Your Funny On!,"The funniest sub on reddit. Hundreds of jokes posted each day, and some of them aren't even reposts!",17258107,11 years
27,leagueoflegends,r/leagueoflegends: Logo's Haunted,This is a subreddit devoted to League of Legends.,3392204,9 years
28,WatchPeopleDieInside,r/WatchPeopleDieInside: Watch People Die Inside,People dying - but on the inside.,1443859,2 years
29,soccer,r/soccer: The back page of the internet,The football subreddit.,1675929,11 years
30,BlackPeopleTwitter,r/BlackPeopleTwitter: Black Twitter,"Screenshots of Black people being hilarious or insightful on social media, it doesn't need to just be twitter but obviously that is best.",3636436,5 years
31,teenagers,r/teenagers: r/teenagers,r/teenagers is the biggest community forum run by teenagers for teenagers. Our subreddit is primarily for discussions and memes that an average teenager would enjoy to discuss about. We do not have any age-restriction in place but do keep in mind this is targeted for users between the ages of 13 to 19. ,1466808,9 years
32,iamatotalpieceofshit,r/iamatotalpieceofshit: People who actively act like a piece of shit,"A place to post social media screenshots or gifs of people acting like a piece of shit. The worst of the worst, people who you wouldn't wish on your worst enemy.",734019,2 years
33,Unexpected,r/Unexpected: Unexpected,This subreddit is for unexpected twists in videos and gifs,2274511,6 years
34,WTF,r/WTF: WTF?!,"Things that make you say ""What the F*ck"".",5875229,11 years
35,therewasanattempt,r/therewasanattempt: There was an attempt..,For all the attempts in life,1300464,4 years
36,Cringetopia,r/Cringetopia: Cringetopia,"""In this moment, I am euphoric. Not because of any phony god's blessing. But because, I am enlightened by my intelligence.""",468952,1 year
37,trashy,r/trashy: All things Trashy!,"Trashy stories, trashy glamour, all things fake, plastic, and downright trashy, low-class, no-class, white trash, bimbos, and damn proud.",1623773,7 years
38,Wellthatsucks,r/Wellthatsucks: Well... That sucks...,"For everything that happens in everyday life that makes you say ""well, that sucks""",1727554,6 years
39,NoStupidQuestions,r/NoStupidQuestions: No such thing as stupid questions,Ask away!,1255681,6 years
40,youseeingthisshit,r/youseeingthisshit: Are you seeing this shit?,,1352392,3 years
41,wholesomememes,r/wholesomememes: Internet for the Spirit,Welcome to the wholesome side of the internet! This community is for those searching for a way to capture virtue on the internet.,5435722,3 years
42,nba,r/nba: NBA,All things NBA basketball.,2699612,10 years
43,LivestreamFail,"r/LivestreamFail: r/LivestreamFail: Livestream wins, fails, and everything in between","Welcome to /r/LivestreamFail: the place for almost anything livestream related. We accept Streamable / Neatclips / Twitch Clips, anything from a livestream.",624630,4 years
44,nevertellmetheodds,r/nevertellmetheodds: Nearly Impossible Odds,"Nearly impossible feats of achievement, those with great degree of difficulty or incredible odds.",1395863,4 years
45,facepalm,r/facepalm: A gallery of inexplicable stupidity,"A subreddit for you to share the stupidity of people online and IRL. Post screenshots from forums, social media sites, or just real life.",2949165,10 years
46,instant_regret,"r/instant_regret: ""What have I done...""","Instant Regret
(in'-stint rē-gret') n.
a subreddit dedicated to deliberate actions that unexpectedly lead to undesirable consequences and horrible results; things which may cause someone to say, ""oh man, did I just screw the pooch!""",2035570,5 years
47,IdiotsInCars,r/IdiotsInCars: Idiots In Cars,"When idiots get behind the wheel of an automobile, shit gets funny.",1232583,3 years
48,insaneparents,r/insaneparents: insaneparents,/r/insaneparents is a weird place where you can post those crazy parents who post in those woo-woo anti-vax groups on facebook and do things harmful (directly and indirectly) to their children. We want to be a place where people can come and both get support and laugh. So this sub is a mixture of both the heartbreaking and the hilarious. Come and join us. Especially if you  have your own stories to tell or your own social media content to post.,604538,1 year
49,SquaredCircle,r/SquaredCircle: r/SquaredCircle,"aa
bb
cc
dd
",431778,8 years
50,pokemon,r/pokemon: Pokémon: Gotta Catch ’Em All!,"r/pokemon is an unofficial Pokémon fan community. This is the place for most things Pokémon on Reddit—TV shows, video games, toys, trading cards, you name it!",1856757,11 years
51,nextfuckinglevel,r/nextfuckinglevel: ⬆ Next Fucking Level ⬆,"A subreddit for pictures, gifs and videos that are next level. Next Fucking Level!",1156339,1 year
52,cursedcomments,r/cursedcomments: Cursed Comments,Keep It Cursed,1009013,1 year
53,Minecraft,r/Minecraft: Minecraft on reddit,Minecraft community on reddit.,2013653,10 years
54,entertainment,r/entertainment: entertainment,For news and discussion of the entertainment industry. ,1109956,12 years
55,DestinyTheGame,r/DestinyTheGame: Destiny | Reddit,"Welcome to Destiny Reddit! This sub is for discussing Bungie's shared world, action FPS looter-shooters: Destiny 2 and its predecessor, Destiny. ",1126471,6 years
56,OldSchoolCool,"r/OldSchoolCool: OldSchoolCool: History's cool kids, looking fantastic",/r/OldSchoolCool,14096041,7 years
57,marvelstudios,r/marvelstudios: Marvel Studios and the Marvel Cinematic Universe,/r/MarvelStudios is the subreddit dedicated to Marvel Studios and the Marvel Cinematic Universe as a whole!,950522,7 years
58,HumansBeingBros,r/HumansBeingBros: Humans just being bros,"A place for sharing videos, gifs, and images of people being total bros.",1467529,6 years
59,legaladvice,r/legaladvice: Legal Advice ~ A place to get simple legal advice*,"A place to ask simple legal questions, and to have legal concepts explained.",969155,9 years
60,freefolk,r/freefolk: Freefolk,We do not kneel.,1087863,4 years
61,WhitePeopleTwitter,r/WhitePeopleTwitter: White People Twitter,White people tweeting stuff.,1319190,4 years
62,PewdiepieSubmissions,r/PewdiepieSubmissions: /r/PewdiepieSubmissions,Congratulations with 2 million subscribers on the subreddit!,2186851,2 years
63,Showerthoughts,r/Showerthoughts: Showerthoughts,A subreddit for sharing those miniature epiphanies you have that highlight the oddities within the familiar.,18533651,7 years
64,Tinder,r/Tinder: Everything about Tinder,"A community for discussing the online dating app Tinder. Sharing conversations, reviewing profiles and more.",2755882,6 years
65,personalfinance,r/personalfinance: Personal Finance,"Learn about budgeting, saving, getting out of debt, credit, investing, and retirement planning. Join our community, read the PF Wiki, and get on top of your finances!",13929025,10 years
66,starterpacks,r/starterpacks: Starterpacks,The worlds biggest starterpack resource.,1106585,4 years
67,intermittentfasting,r/intermittentfasting: Intermittent Fasting,"Intermittent Fasting(IF) is way of eating that restricts when you eat, usually on a daily or weekly schedule.  People engage in IF to reap the many benefits to health, fitness, mental clarity, or because it feels good.  This is a place to share success, support each other, ask questions, and learn.",469123,7 years
68,pcmasterrace,r/pcmasterrace: PC Master Race - Spearheading the Second Golden Age of PC Gaming,"Welcome to the official subreddit of the PC Master Race. In this subreddit, we celebrate and promote the ultimate gaming and working platform. Ascend to a level that respects your eyes, your wallet, your mind, and your heart. Ascend to... the PC Master Race.",2935394,8 years
69,classicwow,r/classicwow: Classic WoW,A community for World of Warcraft: Classic fans.,392639,3 years
70,PoliticalHumor,r/PoliticalHumor: Your illicit drug for dealing with 2019 politics,"A subreddit focused on US politics, and the ridiculousness surrounding them.",791732,11 years
71,MurderedByWords,r/MurderedByWords: Murdered By Words,"A place for well-constructed put-downs, comebacks, and counter-arguments.",1361563,2 years
72,nfl,r/nfl: NFL: National Football League Discussion,NFL: National Football League News & Discussion,1558528,11 years
73,mildlyinfuriating,r/mildlyinfuriating: jukmifgguggh,A place to post the most midly infuriating things!,1904397,7 years
74,science,r/science: Science,"This community is a place to share and discuss new scientific research. Read about the latest advances in astronomy, biology, medicine, physics, social science, and more. Find and submit new publications and popular science coverage of current research.",22476408,12 years
75,madlads,r/madlads: For those bantasaurus rexes who can't be contained,For those bantasaurus rexes who can't be contained,1166712,3 years
76,AdviceAnimals,r/AdviceAnimals: Advice Animals,Reddit's Gold Mine,7760573,8 years
77,NintendoSwitch,"r/NintendoSwitch: Nintendo Switch - News, Updates, & Information","The central hub for news, updates, info, and discussion about the Nintendo Switch and Nintendo Switch games!",1379932,2 years
78,AskMen,r/AskMen: IT'S TIME TO STOP,"r/AskMen: the premier place to ask random strangers for terrible dating advice, but preferably from the male perspective. And don't be an asshole. Also, go away.",1375500,9 years
79,dataisbeautiful,r/dataisbeautiful: Data Is Beautiful,"A place for visual representations of data: Graphs, charts, maps, etc.",13828066,7 years
80,sex,r/sex: Sex,r/sex is for civil discussions about all facets of sexuality and sexual relationships. It is a sex-positive community and a safe space for people of all genders and orientations. This is (mostly) a 'serious' community - posts and comments that sidetrack discussion will be removed and may result in a ban.,1350672,11 years
81,borderlands3,r/borderlands3: Borderlands 3 Reddit,"The place for everything Borderlands 3!
News, Speculations, Memes, Artwork.......
You name it!                         ",246223,7 years
82,apexlegends,r/apexlegends: Apex Legends,"The developer supported, community-run subreddit dedicated to Apex Legends made by Respawn Entertainment.",804627,10 months
83,PrequelMemes,r/PrequelMemes: PrequelMemes - Memes of the Star Wars Prequels,Memes of the Star Wars Prequels,1063832,2 years
84,Games,r/Games: Quality Gaming Content and Discussion -- /r/Games,The goal of /r/Games is to provide a place for informative and interesting gaming content and discussions.,1957547,11 years
85,CasualUK,r/CasualUK: CasualUK,"UK based subreddit for non-political news, commentary and discussion.",418793,2 years
86,confusing_perspective,r/confusing_perspective: Confusing Perspectives,"The place for puzzling perspectives, confusing angles, and missing context.",931313,5 years
87,europe,r/europe: Europe,"Europe: 50 (+6) countries, 230 languages, 743M people… 1 subreddit.",2193140,11 years
88,LifeProTips,r/LifeProTips: Life Pro Tips,Tips that improve your life in one way or another.,16697840,8 years
89,MadeMeSmile,r/MadeMeSmile: MadeMeSmile,A place to post things that made you smile or brightened up your day. A generally uplifting subreddit. ,1393583,7 years
90,atheism,r/atheism: atheism,"Welcome to r/atheism, the web's largest atheist forum. All topics related to atheism, agnosticism and secular living are welcome here.",2481224,11 years
91,awfuleverything,r/awfuleverything: Because sometimes everything is just awful,Because sometimes everything is just... awful.,580261,4 years
92,CFB,r/CFB: The Internet's Tailgate,"A forum for all things college football. Primarily focused on NCAA football, discussion is welcome on any collegiate league, teams, and players.",652223,11 years
93,RoastMe,"r/RoastMe: the thicker the skin, the better the roast","Roasting (v.) - To humorously mock or humiliate someone with a well-timed joke, diss or comeback. (As defined by urbandictionary)",1579635,4 years
94,JusticeServed,r/JusticeServed: Justice will be served.,"Too many times justice fails to prevail.
These are not those times. ",1011644,6 years
95,ProgrammerHumor,r/ProgrammerHumor: Programmer Humor,Dedicated to humor and jokes relating to programmers and programming.,944486,7 years
96,OutOfTheLoop,r/OutOfTheLoop: What's everyone on about?,A subreddit to help you keep up to date with what's going on with reddit and other stuff.,1508033,6 years
97,Damnthatsinteresting,"r/Damnthatsinteresting: Damn, that's interesting!","For things that are amazing, interesting, and incredible!",1888421,6 years
98,Animemes,r/Animemes: Animemes!,A community for posting anime memes!,632918,6 years
99,greentext,r/greentext: >greentext,The realm of the most anti-climactic short stories from 4chan.,912798,8 years
